<?xml version="1.0" encoding="UTF-8"?>
<mimes>
  <mime-mapping>
    <extension>ai</extension>
    <mime-type>application/postscript</mime-type>
  </mime-mapping>
  <mime-mapping>
    <extension>aif</extension>
    <mime-type>audio/x-aiff</mime-type>
  </mime-mapping>
  <mime-mapping>
    <extension>aifc</extension>
    <mime-type>audio/x-aiff</mime-type>
  </mime-mapping>
  <mime-mapping>
    <extension>aiff</extension>
    <mime-type>audio/x-aiff</mime-type>
  </mime-mapping>
  <mime-mapping>
    <extension>asc</extension>
    <mime-type>text/plain</mime-type>
  </mime-mapping>
  <mime-mapping>
    <extension>au</extension>
    <mime-type>audio/basic</mime-type>
  </mime-mapping>
  <mime-mapping>
    <extension>avi</extension>
    <mime-type>video/x-msvideo</mime-type>
  </mime-mapping>
  <mime-mapping>
    <extension>bcpio</extension>
    <mime-type>application/x-bcpio</mime-type>
  </mime-mapping>
  <mime-mapping>
    <extension>bin</extension>
    <mime-type>application/octet-stream</mime-type>
  </mime-mapping>
  <mime-mapping>
    <extension>bmp</extension>
    <mime-type>image/bmp</mime-type>
  </mime-mapping>
  <mime-mapping>
    <extension>cdf</extension>
    <mime-type>application/x-netcdf</mime-type>
  </mime-mapping>
  <mime-mapping>
    <extension>class</extension>
    <mime-type>application/octet-stream</mime-type>
  </mime-mapping>
  <mime-mapping>
    <extension>cpio</extension>
    <mime-type>application/x-cpio</mime-type>
  </mime-mapping>
  <mime-mapping>
    <extension>cpt</extension>
    <mime-type>application/mac-compactpro</mime-type>
  </mime-mapping>
  <mime-mapping>
    <extension>csh</extension>
    <mime-type>application/x-csh</mime-type>
  </mime-mapping>
  <mime-mapping>
    <extension>css</extension>
    <mime-type>text/css</mime-type>
  </mime-mapping>
  <mime-mapping>
    <extension>dcr</extension>
    <mime-type>application/x-director</mime-type>
  </mime-mapping>
  <mime-mapping>
    <extension>dir</extension>
    <mime-type>application/x-director</mime-type>
  </mime-mapping>
  <mime-mapping>
    <extension>dms</extension>
    <mime-type>application/octet-stream</mime-type>
  </mime-mapping>
  <mime-mapping>
    <extension>doc</extension>
    <mime-type>application/msword</mime-type>
  </mime-mapping>
  <mime-mapping>
    <extension>dvi</extension>
    <mime-type>application/x-dvi</mime-type>
  </mime-mapping>
  <mime-mapping>
    <extension>dxr</extension>
    <mime-type>application/x-director</mime-type>
  </mime-mapping>
  <mime-mapping>
    <extension>eml</extension>
    <mime-type>message/rfc822</mime-type>
  </mime-mapping>
  <mime-mapping>
    <extension>eps</extension>
    <mime-type>application/postscript</mime-type>
  </mime-mapping>
  <mime-mapping>
    <extension>etx</extension>
    <mime-type>text/x-setext</mime-type>
  </mime-mapping>
  <mime-mapping>
    <extension>exe</extension>
    <mime-type>application/octet-stream</mime-type>
  </mime-mapping>
  <mime-mapping>
    <extension>ez</extension>
    <mime-type>application/andrew-inset</mime-type>
  </mime-mapping>
  <mime-mapping>
    <extension>gif</extension>
    <mime-type>image/gif</mime-type>
  </mime-mapping>
  <mime-mapping>
    <extension>gtar</extension>
    <mime-type>application/x-gtar</mime-type>
  </mime-mapping>
  <mime-mapping>
    <extension>gz</extension>
    <mime-type>application/x-gzip</mime-type>
  </mime-mapping>
  <mime-mapping>
    <extension>hdf</extension>
    <mime-type>application/x-hdf</mime-type>
  </mime-mapping>
  <mime-mapping>
    <extension>hqx</extension>
    <mime-type>application/mac-binhex40</mime-type>
  </mime-mapping>
  <mime-mapping>
    <extension>htm</extension>
    <mime-type>text/html</mime-type>
  </mime-mapping>
  <mime-mapping>
    <extension>html</extension>
    <mime-type>text/html</mime-type>
  </mime-mapping>
  <mime-mapping>
    <extension>ice</extension>
    <mime-type>x-conference/x-cooltalk</mime-type>
  </mime-mapping>
  <mime-mapping>
    <extension>ief</extension>
    <mime-type>image/ief</mime-type>
  </mime-mapping>
  <mime-mapping>
    <extension>iges</extension>
    <mime-type>model/iges</mime-type>
  </mime-mapping>
  <mime-mapping>
    <extension>igs</extension>
    <mime-type>model/iges</mime-type>
  </mime-mapping>
  <mime-mapping>
    <extension>jnlp</extension>
    <mime-type>application/x-java-jnlp-file</mime-type>
  </mime-mapping>
  <mime-mapping>
    <extension>jpe</extension>
    <mime-type>image/jpeg</mime-type>
  </mime-mapping>
  <mime-mapping>
    <extension>jpeg</extension>
    <mime-type>image/jpeg</mime-type>
  </mime-mapping>
  <mime-mapping>
    <extension>jpg</extension>
    <mime-type>image/jpeg</mime-type>
  </mime-mapping>
  <mime-mapping>
    <extension>js</extension>
    <mime-type>text/js</mime-type>
  </mime-mapping>
  <mime-mapping>
    <extension>kar</extension>
    <mime-type>audio/midi</mime-type>
  </mime-mapping>
  <mime-mapping>
    <extension>latex</extension>
    <mime-type>application/x-latex</mime-type>
  </mime-mapping>
  <mime-mapping>
    <extension>lha</extension>
    <mime-type>application/octet-stream</mime-type>
  </mime-mapping>
  <mime-mapping>
    <extension>lzh</extension>
    <mime-type>application/octet-stream</mime-type>
  </mime-mapping>
  <mime-mapping>
    <extension>man</extension>
    <mime-type>application/x-troff-man</mime-type>
  </mime-mapping>
  <mime-mapping>
    <extension>me</extension>
    <mime-type>application/x-troff-me</mime-type>
  </mime-mapping>
  <mime-mapping>
    <extension>mesh</extension>
    <mime-type>model/mesh</mime-type>
  </mime-mapping>
  <mime-mapping>
    <extension>mid</extension>
    <mime-type>audio/midi</mime-type>
  </mime-mapping>
  <mime-mapping>
    <extension>midi</extension>
    <mime-type>audio/midi</mime-type>
  </mime-mapping>
  <mime-mapping>
    <extension>mif</extension>
    <mime-type>application/vnd.mif</mime-type>
  </mime-mapping>
  <mime-mapping>
    <extension>mov</extension>
    <mime-type>video/quicktime</mime-type>
  </mime-mapping>
  <mime-mapping>
    <extension>movie</extension>
    <mime-type>video/x-sgi-movie</mime-type>
  </mime-mapping>
  <mime-mapping>
    <extension>mp2</extension>
    <mime-type>audio/mpeg</mime-type>
  </mime-mapping>
  <mime-mapping>
    <extension>mp3</extension>
    <mime-type>audio/mpeg</mime-type>
  </mime-mapping>
  <mime-mapping>
    <extension>mpe</extension>
    <mime-type>video/mpeg</mime-type>
  </mime-mapping>
  <mime-mapping>
    <extension>mpeg</extension>
    <mime-type>video/mpeg</mime-type>
  </mime-mapping>
  <mime-mapping>
    <extension>mpg</extension>
    <mime-type>video/mpeg</mime-type>
  </mime-mapping>
  <mime-mapping>
    <extension>mpga</extension>
    <mime-type>audio/mpeg</mime-type>
  </mime-mapping>
  <mime-mapping>
    <extension>ms</extension>
    <mime-type>application/x-troff-ms</mime-type>
  </mime-mapping>
  <mime-mapping>
    <extension>msh</extension>
    <mime-type>model/mesh</mime-type>
  </mime-mapping>
  <mime-mapping>
    <extension>nc</extension>
    <mime-type>application/x-netcdf</mime-type>
  </mime-mapping>
  <mime-mapping>
    <extension>oda</extension>
    <mime-type>application/oda</mime-type>
  </mime-mapping>
  <mime-mapping>
    <extension>pbm</extension>
    <mime-type>image/x-portable-bitmap</mime-type>
  </mime-mapping>
  <mime-mapping>
    <extension>pdb</extension>
    <mime-type>chemical/x-pdb</mime-type>
  </mime-mapping>
  <mime-mapping>
    <extension>pdf</extension>
    <mime-type>application/pdf</mime-type>
  </mime-mapping>
  <mime-mapping>
    <extension>pgm</extension>
    <mime-type>image/x-portable-graymap</mime-type>
  </mime-mapping>
  <mime-mapping>
    <extension>pgn</extension>
    <mime-type>application/x-chess-pgn</mime-type>
  </mime-mapping>
  <mime-mapping>
    <extension>png</extension>
    <mime-type>image/png</mime-type>
  </mime-mapping>
  <mime-mapping>
    <extension>pnm</extension>
    <mime-type>image/x-portable-anymap</mime-type>
  </mime-mapping>
  <mime-mapping>
    <extension>ppm</extension>
    <mime-type>image/x-portable-pixmap</mime-type>
  </mime-mapping>
  <mime-mapping>
    <extension>ppt</extension>
    <mime-type>application/vnd.ms-powerpoint</mime-type>
  </mime-mapping>
  <mime-mapping>
    <extension>ps</extension>
    <mime-type>application/postscript</mime-type>
  </mime-mapping>
  <mime-mapping>
    <extension>qt</extension>
    <mime-type>video/quicktime</mime-type>
  </mime-mapping>
  <mime-mapping>
    <extension>ra</extension>
    <mime-type>audio/x-realaudio</mime-type>
  </mime-mapping>
  <mime-mapping>
    <extension>ram</extension>
    <mime-type>audio/x-pn-realaudio</mime-type>
  </mime-mapping>
  <mime-mapping>
    <extension>ras</extension>
    <mime-type>image/x-cmu-raster</mime-type>
  </mime-mapping>
  <mime-mapping>
    <extension>rgb</extension>
    <mime-type>image/x-rgb</mime-type>
  </mime-mapping>
  <mime-mapping>
    <extension>rm</extension>
    <mime-type>audio/x-pn-realaudio</mime-type>
  </mime-mapping>
  <mime-mapping>
    <extension>roff</extension>
    <mime-type>application/x-troff</mime-type>
  </mime-mapping>
  <mime-mapping>
    <extension>rpm</extension>
    <mime-type>audio/x-pn-realaudio-plugin</mime-type>
  </mime-mapping>
  <mime-mapping>
    <extension>rtf</extension>
    <mime-type>application/rtf</mime-type>
  </mime-mapping>
  <mime-mapping>
    <extension>rtx</extension>
    <mime-type>text/richtext</mime-type>
  </mime-mapping>
  <mime-mapping>
    <extension>sgm</extension>
    <mime-type>text/sgml</mime-type>
  </mime-mapping>
  <mime-mapping>
    <extension>sgml</extension>
    <mime-type>text/sgml</mime-type>
  </mime-mapping>
  <mime-mapping>
    <extension>sh</extension>
    <mime-type>application/x-sh</mime-type>
  </mime-mapping>
  <mime-mapping>
    <extension>shar</extension>
    <mime-type>application/x-shar</mime-type>
  </mime-mapping>
  <mime-mapping>
    <extension>silo</extension>
    <mime-type>model/mesh</mime-type>
  </mime-mapping>
  <mime-mapping>
    <extension>sit</extension>
    <mime-type>application/x-stuffit</mime-type>
  </mime-mapping>
  <mime-mapping>
    <extension>skd</extension>
    <mime-type>application/x-koan</mime-type>
  </mime-mapping>
  <mime-mapping>
    <extension>skm</extension>
    <mime-type>application/x-koan</mime-type>
  </mime-mapping>
  <mime-mapping>
    <extension>skp</extension>
    <mime-type>application/x-koan</mime-type>
  </mime-mapping>
  <mime-mapping>
    <extension>skt</extension>
    <mime-type>application/x-koan</mime-type>
  </mime-mapping>
  <mime-mapping>
    <extension>smi</extension>
    <mime-type>application/smil</mime-type>
  </mime-mapping>
  <mime-mapping>
    <extension>smil</extension>
    <mime-type>application/smil</mime-type>
  </mime-mapping>
  <mime-mapping>
    <extension>snd</extension>
    <mime-type>audio/basic</mime-type>
  </mime-mapping>
  <mime-mapping>
    <extension>spl</extension>
    <mime-type>application/x-futuresplash</mime-type>
  </mime-mapping>
  <mime-mapping>
    <extension>src</extension>
    <mime-type>application/x-wais-source</mime-type>
  </mime-mapping>
  <mime-mapping>
    <extension>sv4cpio</extension>
    <mime-type>application/x-sv4cpio</mime-type>
  </mime-mapping>
  <mime-mapping>
    <extension>sv4crc</extension>
    <mime-type>application/x-sv4crc</mime-type>
  </mime-mapping>
  <mime-mapping>
    <extension>swf</extension>
    <mime-type>application/x-shockwave-flash</mime-type>
  </mime-mapping>
  <mime-mapping>
    <extension>t</extension>
    <mime-type>application/x-troff</mime-type>
  </mime-mapping>
  <mime-mapping>
    <extension>tar</extension>
    <mime-type>application/x-tar</mime-type>
  </mime-mapping>
  <mime-mapping>
    <extension>tcl</extension>
    <mime-type>application/x-tcl</mime-type>
  </mime-mapping>
  <mime-mapping>
    <extension>tex</extension>
    <mime-type>application/x-tex</mime-type>
  </mime-mapping>
  <mime-mapping>
    <extension>texi</extension>
    <mime-type>application/x-texinfo</mime-type>
  </mime-mapping>
  <mime-mapping>
    <extension>texinfo</extension>
    <mime-type>application/x-texinfo</mime-type>
  </mime-mapping>
  <mime-mapping>
    <extension>text</extension>
    <mime-type>text/plain</mime-type>
  </mime-mapping>
  <mime-mapping>
    <extension>tif</extension>
    <mime-type>image/tiff</mime-type>
  </mime-mapping>
  <mime-mapping>
    <extension>tiff</extension>
    <mime-type>image/tiff</mime-type>
  </mime-mapping>
  <mime-mapping>
    <extension>tr</extension>
    <mime-type>application/x-troff</mime-type>
  </mime-mapping>
  <mime-mapping>
    <extension>tsv</extension>
    <mime-type>text/tab-separated-values</mime-type>
  </mime-mapping>
  <mime-mapping>
    <extension>txt</extension>
    <mime-type>text/plain</mime-type>
  </mime-mapping>
  <mime-mapping>
    <extension>ustar</extension>
    <mime-type>application/x-ustar</mime-type>
  </mime-mapping>
  <mime-mapping>
    <extension>vcd</extension>
    <mime-type>application/x-cdlink</mime-type>
  </mime-mapping>
  <mime-mapping>
    <extension>vrml</extension>
    <mime-type>model/vrml</mime-type>
  </mime-mapping>
  <mime-mapping>
    <extension>wav</extension>
    <mime-type>audio/x-wav</mime-type>
  </mime-mapping>
  <mime-mapping>
    <extension>wbmp</extension>
    <mime-type>image/vnd.wap/wbmp</mime-type>
  </mime-mapping>
  <mime-mapping>
    <extension>wml</extension>
    <mime-type>text/vnd.wap.wml</mime-type>
  </mime-mapping>
  <mime-mapping>
    <extension>wmls</extension>
    <mime-type>text/vnd.wap.wmlscript</mime-type>
  </mime-mapping>
  <mime-mapping>
    <extension>wrl</extension>
    <mime-type>model/vrml</mime-type>
  </mime-mapping>
  <mime-mapping>
    <extension>xbm</extension>
    <mime-type>image/x-xbitmap</mime-type>
  </mime-mapping>
  <mime-mapping>
    <extension>xls</extension>
    <mime-type>application/vnd.ms-excel</mime-type>
  </mime-mapping>
  <mime-mapping>
    <extension>xml</extension>
    <mime-type>text/xml</mime-type>
  </mime-mapping>
  <mime-mapping>
    <extension>xpm</extension>
    <mime-type>image/x-xpixmap</mime-type>
  </mime-mapping>
  <mime-mapping>
    <extension>xwd</extension>
    <mime-type>image/x-xwindowdump</mime-type>
  </mime-mapping>
  <mime-mapping>
    <extension>xyz</extension>
    <mime-type>chemical/x-pdb</mime-type>
  </mime-mapping>
  <mime-mapping>
    <extension>z</extension>
    <mime-type>application/x-compress</mime-type>
  </mime-mapping>
  <mime-mapping>
    <extension>zip</extension>
    <mime-type>application/zip</mime-type>
  </mime-mapping>
</mimes>

